Workbook

Sheet temperature
C1: https://www.ncei.noaa.gov/access/monitoring/climate-at-a-glance/statewide/time-series
E2: 2023 | G2: All data
B3: City | C3: State | D3: State | E3: Annual average temperature (°F) | F3: Annual average temperature (°C) | G3: Annual average temperature (°F) | H3: Annual average temperature (°C)
B4: Northern Virginia (NoVA) | C4: Virginia | D4: VA | E4: 57.475 | F4: =(E4-32)*(5/9) -> 14.152778 | G4: 55.109345 | H4: =(G4-32)*(5/9) -> 12.838525
B5: Dallas–Fort Worth | C5: Texas | D5: TX | E5: 68.1 | F5: =(E5-32)*(5/9) -> 20.055556 | G5: 64.918245 | H5: =(G5-32)*(5/9) -> 18.287914
B6: Silicon Valley | C6: California | D6: CA | E6: 58.25 | F6: =(E6-32)*(5/9) -> 14.583333 | G6: 57.736173 | H6: =(G6-32)*(5/9) -> 14.297874
B7: Phoenix | C7: Arizona | D7: AZ | E7: 60.733333 | F7: =(E7-32)*(5/9) -> 15.962963 | G7: 59.750095 | H7: =(G7-32)*(5/9) -> 15.41672
B8: Chicago | C8: Illinois | D8: IL | E8: 54.741667 | F8: =(E8-32)*(5/9) -> 12.634259 | G8: 51.858932 | H8: =(G8-32)*(5/9) -> 11.03274

Sheet Data
A1: city | B1: state | C1: state_ID | D1: city_ID | E1: latitude | F1: longitude | G1: Annual_Precipitation | H1: Rain_Jan | I1: Rain_Feb | J1: Rain_Mar | K1: Rain_Apr | L1: Rain_May | M1: Rain_Jun | N1: Rain_Jul | O1: Rain_Aug | P1: Rain_Sep | Q1: Rain_Oct | R1: Rain_Nov | S1: Rain_Dec | T1: Avg_Annual_Temp | U1: Avg_Summer_Temp | V1: Cooling_Degree_Days | W1: Heating_Degree_Days | X1: Water_Price | Y1: Water_Stress_Index | Z1: Drought_Risk | AA1: Grid_Carbon_Intensity | AB1: Electricity_Price
A2: Northern Virginia (NoVA) | B2: Virginia | C2: VA | D2: NoVA | E2: 39.0215 | F2: -77.4579 | G2: =(SUM(H2:S2))/12 -> 43.735 | H2: 47.98 | I2: 47.23 | J2: 47.39 | K2: 47.35 | L2: 45.21 | M2: 43.77 | N2: 42.86 | O2: 41.61 | P2: 40.6 | Q2: 41.01 | R2: 39.68 | S2: 40.13 | T2: =temperature!E4 -> 57.475 | U2: 80 | V2: 693 | W2: 4481 | X2: =water_price!K5 -> 4.9491667 | Y2: -0.63 | Z2: -0.63 | AA2: =grid_carbon!G4 -> 235.01158 | AB2: =grid_carbon!D12 -> 7.767362e+09
A3: Dallas–Fort Worth | B3: Texas | C3: TX | D3: DFW | E3: 32.7357 | F3: -97.4344 | G3: 29.31 | H3: 1.38 | I3: 3.97 | J3: 2.76 | K3: 3.12 | L3: 2.35 | M3: 0.78 | N3: 0.47 | O3: 0.01 | P3: 0.83 | Q3: 9.63 | R3: 0.47 | S3: 3.55 | T3: =temperature!E5 -> 68.1 | U3: 98 | V3: 3373 | W3: 1482 | X3: =water_price!K6 -> 4.2875 | Y3: -3.87 | Z3: -3.87 | AA3: =grid_carbon!G5 -> 338.57454 | AB3: =grid_carbon!D13 -> 4.6684225e+10
A4: Silicon Valley | B4: California | C4: CA | D4: SV | E4: 37.3718 | F4: -121.9694 | G4: =(SUM(H4:S4))/12 -> 29.770833 | H4: 22.3 | I4: 25.7 | J4: 31.87 | K4: 31 | L4: 31.72 | M4: 31.68 | N4: 31.68 | O4: 31.7 | P4: 31.46 | Q4: 31.33 | R4: 31.28 | S4: 25.53 | T4: =temperature!E6 -> 58.25 | U4: 66.5 | V4: 866 | W4: 3087 | X4: =water_price!K7 -> 6.9983333 | Y4: 0.24 | Z4: 0.24 | AA4: =grid_carbon!G6 -> 160.18184 | AB4: =grid_carbon!D14 -> 1.8478436e+10
A5: Phoenix | B5: Arizona | C5: AZ | D5: PHX | E5: 33.3441 | F5: -111.6187 | G5: =(SUM(H5:S5))/12 -> 0.93416667 | H5: 2.21 | I5: 1.05 | J5: 2.09 | K5: 0.2 | L5: 0.46 | M5: 0.09 | N5: 0.52 | O5: 1.83 | P5: 1.18 | Q5: 0.19 | R5: 0.47 | S5: 0.92 | T5: =temperature!E7 -> 60.733333 | U5: 95 | V5: 3175 | W5: 2062 | X5: =water_price!K8 -> 3.3783333 | Y5: 1.31 | Z5: 1.31 | AA5: =grid_carbon!G7 -> 308.47988 | AB5: =grid_carbon!D15 -> 9.5398442e+09
A6: Chicago | B6: Illinois | C6: IL | D6: CHI | E6: 41.8536 | F6: -87.6182 | G6: =(SUM(H6:S6))/12 -> 2.8875 | H6: 2.62 | I6: 2.83 | J6: 4.34 | K6: 2.55 | L6: 2.48 | M6: 1.89 | N6: 4.75 | O6: 4.01 | P6: 2.4 | Q6: 3.3 | R6: 0.72 | S6: 2.76 | T6: =temperature!E8 -> 54.741667 | U6: 82 | V6: 881 | W6: 5320 | X6: =water_price!K9 -> 3.88 | Y6: -0.9925 | Z6: -0.9925 | AA6: =grid_carbon!G8 -> 212.67302 | AB6: =grid_carbon!D16 -> 1.5161021e+10
A9: Region | B9: City, State | C9: Data Center Facility | D9: Latitude | E9: Longitude
A10: Northern Virginia (NoVA) | B10: Ashburn, VA | C10: Equinix Ashburn Campus (Data Center Alley) | D10: 39.0163 | E10: -77.459
B11: Ashburn, VA | C11: Digital Realty Ashburn Campus | D11: 39.0215 | E11: -77.4579
A12: Dallas–Fort Worth | B12: Fort Worth, TX | C12: Meta Fort Worth Data Center | D12: 32.7357 | E12: -97.4344
B13: Dallas, TX | C13: Equinix Dallas (DA1) | D13: 32.8009 | E13: -96.8195
A14: Silicon Valley | B14: Santa Clara, CA | C14: Vantage Data Centers (Santa Clara Campus) | D14: 37.3718 | E14: -121.9694
A15: Phoenix | B15: Mesa, AZ | C15: EdgeCore Mesa Data Center Campus | D15: 33.3441 | E15: -111.6187
A16: Chicago | B16: Chicago, IL | C16: Digital Realty ORD10 (350 E. Cermak) | D16: 41.8536 | E16: -87.6182

Sheet water_price
B1: https://www.circleofblue.org/waterpricing/ | F1: General water price | J1: 2010-2019 water rates data from 30 major U.S. cities
F3: Family of 4 using 50 gallons | I3: Family of 4 using 100 gallons | L3: Family of 4 using 150 gallons
B4: City | C4: City Used | D4: gallons/ day | E4: gallons/ month | F4: Price 2018 | G4: Unit Price | H4: Unit Price/ 1000 gallons | I4: Price 2018 | J4: Unit Price | K4: Unit Price/ 1000 gallons | L4: Price 2018 | M4: Unit Price | N4: Unit Price/ 1000 gallons
B5: Northern Virginia (NoVA) | C5: Baltimore | D5: =4*100 -> 400 | E5: =D5*30 -> 12000 | F5: 39.51 | G5: =F5/$E$5 -> 0.0032925 | H5: =G5*1000 -> 3.2925 | I5: 59.39 | J5: =I5/$E$5 -> 0.0049491667 | K5: =J5*1000 -> 4.9491667 | L5: 79.26 | M5: =L5/$E$5 -> 0.006605 | N5: =M5*1000 -> 6.605
B6: Dallas–Fort Worth | D6: =4*100 -> 400 | E6: =D6*30 -> 12000 | F6: 21.69 | G6: =F6/$E$5 -> 0.0018075 | H6: =G6*1000 -> 1.8075 | I6: 51.45 | J6: =I6/$E$5 -> 0.0042875 | K6: =J6*1000 -> 4.2875 | L6: 96.3 | M6: =L6/$E$5 -> 0.008025 | N6: =M6*1000 -> 8.025
B7: Silicon Valley | C7: San Jose | D7: =4*100 -> 400 | E7: =D7*30 -> 12000 | F7: 55.34 | G7: =F7/$E$5 -> 0.0046116667 | H7: =G7*1000 -> 4.6116667 | I7: 83.98 | J7: =I7/$E$5 -> 0.0069983333 | K7: =J7*1000 -> 6.9983333 | L7: 112.62 | M7: =L7/$E$5 -> 0.009385 | N7: =M7*1000 -> 9.385
B8: Phoenix | D8: =4*100 -> 400 | E8: =D8*30 -> 12000 | F8: 12.22 | G8: =F8/$E$5 -> 0.0010183333 | H8: =G8*1000 -> 1.0183333 | I8: 40.54 | J8: =I8/$E$5 -> 0.0033783333 | K8: =J8*1000 -> 3.3783333 | L8: 71.58 | M8: =L8/$E$5 -> 0.005965 | N8: =M8*1000 -> 5.965
B9: Chicago | D9: =4*100 -> 400 | E9: =D9*30 -> 12000 | F9: 23.28 | G9: =F9/$E$5 -> 0.00194 | H9: =G9*1000 -> 1.94 | I9: 46.56 | J9: =I9/$E$5 -> 0.00388 | K9: =J9*1000 -> 3.88 | L9: 69.84 | M9: =L9/$E$5 -> 0.00582 | N9: =M9*1000 -> 5.82
T16: Family of 4 using 150 gallons per person per day
T17: Family of 4 using 100 gallons per person per day
T18: Family of 4 using 50 gallons per person per day

Sheet grid_carbon
O1: https://www.eia.gov/environment/emissions/state/
B3: City | C3: State | D3: State | E3: Total Electric Power Industry (million metric tons of carbon dioxide) | F3: Total Electric Power Industry/state (MWh) | G3: Carbon Intensity (kg CO2/ MWh) | H3: Carbon Intensity (g CO2/ MWh)
B4: Northern Virginia (NoVA) | C4: Virginia | D4: VA | E4: 21.4 | F4: 91059344 | G4: =(E4*1000000000)/F4 -> 235.01158 | H4: =G4*1000 -> 235011.58
B5: Dallas–Fort Worth | C5: Texas | D5: TX | E5: 185.3 | F5: 547294545 | G5: =(E5*1000000000)/F5 -> 338.57454 | H5: =G5*1000 -> 338574.54
B6: Silicon Valley | C6: California | D6: CA | E6: 34.7 | F6: 216628795 | G6: =(E6*1000000000)/F6 -> 160.18184 | H6: =G6*1000 -> 160181.84
B7: Phoenix | C7: Arizona | D7: AZ | E7: 34.5 | F7: 111838736 | G7: =(E7*1000000000)/F7 -> 308.47988 | H7: =G7*1000 -> 308479.88
B8: Chicago | C8: Illinois | D8: IL | E8: 37.8 | F8: 177737641 | G8: =(E8*1000000000)/F8 -> 212.67302 | H8: =G8*1000 -> 212673.02
D9: Current Rate/MWh = | E9: =E10*10 -> 85.3
B10: Industrial usage | C10: Current Rate/kWh = | E10: 8.53
C11: MWh Value | D11: Total Price ($)
A12: VA | B12: 1 | C12: 91059344 | D12: =C12*($E$9) -> 7.767362e+09
A13: TX | B13: 2 | C13: 547294545 | D13: =C13*($E$9) -> 4.6684225e+10
A14: CA | B14: 3 | C14: 216628795 | D14: =C14*($E$9) -> 1.8478436e+10
A15: AZ | B15: 4 | C15: 111838736 | D15: =C15*($E$9) -> 9.5398442e+09
A16: IL | B16: 5 | C16: 177737641 | D16: =C16*($E$9) -> 1.5161021e+10
B19: https://www.eia.gov/electricity/monthly/epm_table_grapher.php?t=epmt_5_06_b | D19: track rates per year or day
B20: https://www.eia.gov/todayinenergy/prices.php | D20: \
E21: https://www.eia.gov/analysis/#:~:text=Table_title:%20Recent%20Data%20Table_content:%20header:%20%7C%20%7C,%7C%202024:%2016.48%20%7C%202026:%2017.94%20%7C
C22: https://www.eia.gov/electricity/monthly/update/end-use.php#:~:text=Total%20average%20revenues%20per%20kilowatt,with%20three%20sectors%20seeing%20increases.
O26: https://www.eia.gov/electricity/data/state/
